keyword,category,weight,reason,updated_at
"AI","AI・テック","9","直近コメント由来：タグで反応あり（+2）","2026-09-07"
"AI×UX","デザイン・UX","9","直近コメント由来：本文で反応あり（+1）","2026-09-28"
"DX","コメント由来","9","直近コメント由来：タグで反応あり（+3）","2026-10-02"
"UI/UX","デザイン・UX","9","直近コメント由来：タグで反応あり（+2）","2026-09-28"
"XR","コメント由来","9","直近コメント由来：タグで反応あり（+2）","2026-09-07"
"アプリ","コメント由来","9","直近コメント由来：タグで反応あり（+3）","2026-10-02"
"イマーシブ","コメント由来","9","直近コメント由来：タグで反応あり（+2）","2026-09-07"
"ゲーミフィケーション","ゲーミフィケーション","9","直近コメント由来：タグ・本文で反応あり（+5）","2026-10-02"
"コンテンツ","コメント由来","9","直近コメント由来：タグで反応あり（+2）","2026-09-07"
"センシング","コメント由来","9","直近コメント由来：タグで反応あり（+2）","2026-09-07"
"印刷","印刷・製造業","9","直近コメント由来：タグで反応あり（+2）","2026-09-07"
"印刷DX","印刷・製造業","9","直近コメント由来：本文で反応あり（+1）","2026-09-07"
"教育","製造業","9","直近コメント由来：タグで反応あり（+1）","2026-09-07"
"国内","時事チェック","9","直近コメント由来：タグで反応あり（+2）","2026-09-28"
"カスタマイズ","印刷・製造業","8","直近コメント由来：タグで反応あり（+3）","2026-09-30"
"資料作成","企画・提案","8","直近コメント由来：本文で反応あり（+2）","2026-09-30"
"店舗イベント","未分類","8","直近コメント由来：タグで反応あり（+3）","2026-09-30"
"フィジカルAI","AI・テック","5","製造業DX・現場実装の文脈で優先","2026-10-02"
"カスタマイズ印刷","印刷・製造業","4","小ロット・店舗イベント・ノベルティ提案で使いやすい","2026-10-02"
"行動変容","ゲーミフィケーション","3","社内施策・教育・安全衛生に展開しやすい","2026-10-02"
"多能工化","製造業","1","直近コメント由来：本文で反応あり（+-1）","2026-08-06"
